{
  "reward_model": {
    "train": {
      "loss": 0.6346500992774964,
      "accuracy": 0.7216666666666667,
      "mean_margin": 0.1387491524592042
    },
    "validation": {
      "loss": 0.6666733741760253,
      "accuracy": 0.5,
      "mean_margin": 0.07688927029569943
    },
    "test": {
      "loss": 0.6660469889640808,
      "accuracy": 0.5466666666666666,
      "mean_margin": 0.07602895073592662
    }
  },
  "pseudo_ppo": {
    "total_rounds": 10,
    "mean_reward_per_round": [
      0.11652699794620275,
      0.19694827184081076,
      0.20611920796334743,
      0.23502949748188257,
      0.22141184203326703,
      0.23948551706969737,
      0.24570359580218792,
      0.2388255887851119,
      0.23445920657366515,
      0.26358032301068307
    ],
    "final_mean_reward": 0.26358032301068307,
    "average_reward": 0.2198090048506856
  }
}