{
  "reward_model": {
    "train": {
      "loss": 0.6346500968933105,
      "accuracy": 0.7216666666666667,
      "mean_margin": 0.13874915210530162
    },
    "validation": {
      "loss": 0.6666733741760253,
      "accuracy": 0.5,
      "mean_margin": 0.07688927029569943
    },
    "test": {
      "loss": 0.6660469889640808,
      "accuracy": 0.5466666666666666,
      "mean_margin": 0.07602895073592662
    }
  },
  "pseudo_ppo": {
    "total_rounds": 10,
    "mean_reward_per_round": [
      0.1231410463526845,
      0.17477180384099483,
      0.20162074711173772,
      0.21334872771054506,
      0.2148203619197011,
      0.22730596911162138,
      0.24014602966606616,
      0.23294384948909283,
      0.24291122376918792,
      0.2563220988214016
    ],
    "final_mean_reward": 0.2563220988214016,
    "average_reward": 0.21273318577930328
  }
}