{
  "reward_model": {
    "train": {
      "loss": 0.6346501064300537,
      "accuracy": 0.7216666666666667,
      "mean_margin": 0.1387491524592042
    },
    "validation": {
      "loss": 0.6666733741760253,
      "accuracy": 0.5,
      "mean_margin": 0.07688927029569943
    },
    "test": {
      "loss": 0.6660469889640808,
      "accuracy": 0.5466666666666666,
      "mean_margin": 0.07602895073592662
    }
  },
  "pseudo_ppo": {
    "total_rounds": 10,
    "mean_reward_per_round": [
      0.14910488530993463,
      0.17747940577566623,
      0.19830832790583372,
      0.2144775092601776,
      0.22267998684197665,
      0.22719953201711177,
      0.2414710583165288,
      0.2646841442584991,
      0.263079077899456,
      0.2647452985495329
    ],
    "final_mean_reward": 0.2647452985495329,
    "average_reward": 0.2223229226134717
  }
}